run_id,variable,name,row,col,neff
0003_4.B.B.J.ELL_0-bspm_F_llq,raw_logK,raw_logK,,,0.875253202655764
0003_4.B.B.J.ELL_0-bspm_F_llq,raw_logr,raw_logr,,,0.935716848236632
0003_4.B.B.J.ELL_0-bspm_F_llq,raw_logx0,raw_logx0,,,1.0215596976182
0003_4.B.B.J.ELL_0-bspm_F_llq,raw_logsigmap,raw_logsigmap,,,0.939172977379567
0003_4.B.B.J.ELL_0-bspm_F_llq,raw_sigmao_add,raw_sigmao_add,,,0.879534453569027
0003_4.B.B.J.ELL_0-bspm_F_llq,raw_epsp[1],raw_epsp,1,,0.896162022576274
0003_4.B.B.J.ELL_0-bspm_F_llq,raw_epsp[2],raw_epsp,2,,1.003844924704
0003_4.B.B.J.ELL_0-bspm_F_llq,raw_epsp[3],raw_epsp,3,,0.91213037880941
0003_4.B.B.J.ELL_0-bspm_F_llq,raw_epsp[4],raw_epsp,4,,0.865219035133622
0003_4.B.B.J.ELL_0-bspm_F_llq,raw_epsp[5],raw_epsp,5,,0.999759442095144
0003_4.B.B.J.ELL_0-bspm_F_llq,raw_epsp[6],raw_epsp,6,,0.96459010927373
0003_4.B.B.J.ELL_0-bspm_F_llq,raw_epsp[7],raw_epsp,7,,0.93966914791255
0003_4.B.B.J.ELL_0-bspm_F_llq,raw_epsp[8],raw_epsp,8,,1.10677877948636
0003_4.B.B.J.ELL_0-bspm_F_llq,raw_epsp[9],raw_epsp,9,,1.02377659037847
0003_4.B.B.J.ELL_0-bspm_F_llq,raw_epsp[10],raw_epsp,10,,1.06448391073989
0003_4.B.B.J.ELL_0-bspm_F_llq,raw_epsp[11],raw_epsp,11,,1.04229593794475
0003_4.B.B.J.ELL_0-bspm_F_llq,raw_epsp[12],raw_epsp,12,,1.00447906943577
0003_4.B.B.J.ELL_0-bspm_F_llq,raw_epsp[13],raw_epsp,13,,0.964203927904275
0003_4.B.B.J.ELL_0-bspm_F_llq,raw_epsp[14],raw_epsp,14,,0.803651166293119
0003_4.B.B.J.ELL_0-bspm_F_llq,raw_epsp[15],raw_epsp,15,,0.857889752809562
0003_4.B.B.J.ELL_0-bspm_F_llq,raw_epsp[16],raw_epsp,16,,0.955390244887124
0003_4.B.B.J.ELL_0-bspm_F_llq,raw_epsp[17],raw_epsp,17,,1.05528476874212
0003_4.B.B.J.ELL_0-bspm_F_llq,raw_epsp[18],raw_epsp,18,,0.850378055007919
0003_4.B.B.J.ELL_0-bspm_F_llq,raw_epsp[19],raw_epsp,19,,0.996124083750979
0003_4.B.B.J.ELL_0-bspm_F_llq,raw_epsp[20],raw_epsp,20,,1.02740940173115
0003_4.B.B.J.ELL_0-bspm_F_llq,raw_epsp[21],raw_epsp,21,,1.01299699447265
0003_4.B.B.J.ELL_0-bspm_F_llq,raw_epsp[22],raw_epsp,22,,1.05066304864727
0003_4.B.B.J.ELL_0-bspm_F_llq,raw_epsp[23],raw_epsp,23,,1.00803693808061
0003_4.B.B.J.ELL_0-bspm_F_llq,raw_epsp[24],raw_epsp,24,,0.974944788331877
0003_4.B.B.J.ELL_0-bspm_F_llq,raw_epsp[25],raw_epsp,25,,0.925429751336295
0003_4.B.B.J.ELL_0-bspm_F_llq,raw_epsp[26],raw_epsp,26,,0.934856354044427
0003_4.B.B.J.ELL_0-bspm_F_llq,raw_epsp[27],raw_epsp,27,,0.957857098455351
0003_4.B.B.J.ELL_0-bspm_F_llq,raw_epsp[28],raw_epsp,28,,0.979876741582138
0003_4.B.B.J.ELL_0-bspm_F_llq,raw_logshape,raw_logshape,,,0.998150982359342
0003_4.B.B.J.ELL_0-bspm_F_llq,raw_logll_q,raw_logll_q,,,0.792854327781341
0003_4.B.B.J.ELL_0-bspm_F_llq,logK,logK,,,0.875253202655763
0003_4.B.B.J.ELL_0-bspm_F_llq,r,r,,,0.958246762018386
0003_4.B.B.J.ELL_0-bspm_F_llq,x0,x0,,,1.00597080061976
0003_4.B.B.J.ELL_0-bspm_F_llq,epsp[1],epsp,1,,0.935057633207036
0003_4.B.B.J.ELL_0-bspm_F_llq,epsp[2],epsp,2,,1.02347401420884
0003_4.B.B.J.ELL_0-bspm_F_llq,epsp[3],epsp,3,,0.923082574437805
0003_4.B.B.J.ELL_0-bspm_F_llq,epsp[4],epsp,4,,0.949610501149076
0003_4.B.B.J.ELL_0-bspm_F_llq,epsp[5],epsp,5,,1.01592947300136
0003_4.B.B.J.ELL_0-bspm_F_llq,epsp[6],epsp,6,,0.960095299172053
0003_4.B.B.J.ELL_0-bspm_F_llq,epsp[7],epsp,7,,0.957296211197818
0003_4.B.B.J.ELL_0-bspm_F_llq,epsp[8],epsp,8,,1.07761004319335
0003_4.B.B.J.ELL_0-bspm_F_llq,epsp[9],epsp,9,,1.02145662477434
0003_4.B.B.J.ELL_0-bspm_F_llq,epsp[10],epsp,10,,1.07474173121452
0003_4.B.B.J.ELL_0-bspm_F_llq,epsp[11],epsp,11,,1.01419736251321
0003_4.B.B.J.ELL_0-bspm_F_llq,epsp[12],epsp,12,,0.988532412543959
0003_4.B.B.J.ELL_0-bspm_F_llq,epsp[13],epsp,13,,0.955545193128241
0003_4.B.B.J.ELL_0-bspm_F_llq,epsp[14],epsp,14,,0.850501072274096
0003_4.B.B.J.ELL_0-bspm_F_llq,epsp[15],epsp,15,,0.816997436914024
0003_4.B.B.J.ELL_0-bspm_F_llq,epsp[16],epsp,16,,0.938271228165003
0003_4.B.B.J.ELL_0-bspm_F_llq,epsp[17],epsp,17,,0.925199350458026
0003_4.B.B.J.ELL_0-bspm_F_llq,epsp[18],epsp,18,,0.856346422649193
0003_4.B.B.J.ELL_0-bspm_F_llq,epsp[19],epsp,19,,0.91622609186324
0003_4.B.B.J.ELL_0-bspm_F_llq,epsp[20],epsp,20,,1.04355627727662
0003_4.B.B.J.ELL_0-bspm_F_llq,epsp[21],epsp,21,,0.990139875258581
0003_4.B.B.J.ELL_0-bspm_F_llq,epsp[22],epsp,22,,1.08140482165671
0003_4.B.B.J.ELL_0-bspm_F_llq,epsp[23],epsp,23,,0.995238078677788
0003_4.B.B.J.ELL_0-bspm_F_llq,epsp[24],epsp,24,,0.911680004257367
0003_4.B.B.J.ELL_0-bspm_F_llq,epsp[25],epsp,25,,0.961694211991312
0003_4.B.B.J.ELL_0-bspm_F_llq,epsp[26],epsp,26,,0.908840055932805
0003_4.B.B.J.ELL_0-bspm_F_llq,epsp[27],epsp,27,,0.873345660018809
0003_4.B.B.J.ELL_0-bspm_F_llq,epsp[28],epsp,28,,0.967424289671756
0003_4.B.B.J.ELL_0-bspm_F_llq,sigmap,sigmap,,,0.900078585865575
0003_4.B.B.J.ELL_0-bspm_F_llq,shape,shape,,,1.02250406141893
0003_4.B.B.J.ELL_0-bspm_F_llq,ll_q,ll_q,,,0.891390744469324
0003_4.B.B.J.ELL_0-bspm_F_llq,sigmap2,sigmap2,,,0.874187793196158
0003_4.B.B.J.ELL_0-bspm_F_llq,"sigmao[1,1]",sigmao,1,1,0.879534453569027
0003_4.B.B.J.ELL_0-bspm_F_llq,"sigmao[1,2]",sigmao,1,2,0.879534453569027
0003_4.B.B.J.ELL_0-bspm_F_llq,"sigmao[1,3]",sigmao,1,3,0.879534453569027
0003_4.B.B.J.ELL_0-bspm_F_llq,"sigmao[1,4]",sigmao,1,4,0.879534453569027
0003_4.B.B.J.ELL_0-bspm_F_llq,"sigmao[1,5]",sigmao,1,5,0.879534453569027
0003_4.B.B.J.ELL_0-bspm_F_llq,"sigmao[1,6]",sigmao,1,6,0.879534453569027
0003_4.B.B.J.ELL_0-bspm_F_llq,"sigmao[1,7]",sigmao,1,7,0.879534453569027
0003_4.B.B.J.ELL_0-bspm_F_llq,"sigmao[2,1]",sigmao,2,1,0.879534453569027
0003_4.B.B.J.ELL_0-bspm_F_llq,"sigmao[2,2]",sigmao,2,2,0.879534453569027
0003_4.B.B.J.ELL_0-bspm_F_llq,"sigmao[2,3]",sigmao,2,3,0.879534453569027
0003_4.B.B.J.ELL_0-bspm_F_llq,"sigmao[2,4]",sigmao,2,4,0.879534453569027
0003_4.B.B.J.ELL_0-bspm_F_llq,"sigmao[2,5]",sigmao,2,5,0.879534453569027
0003_4.B.B.J.ELL_0-bspm_F_llq,"sigmao[2,6]",sigmao,2,6,0.879534453569027
0003_4.B.B.J.ELL_0-bspm_F_llq,"sigmao[2,7]",sigmao,2,7,0.879534453569027
0003_4.B.B.J.ELL_0-bspm_F_llq,"sigmao[3,1]",sigmao,3,1,0.879534453569027
0003_4.B.B.J.ELL_0-bspm_F_llq,"sigmao[3,2]",sigmao,3,2,0.879534453569027
0003_4.B.B.J.ELL_0-bspm_F_llq,"sigmao[3,3]",sigmao,3,3,0.879534453569027
0003_4.B.B.J.ELL_0-bspm_F_llq,"sigmao[3,4]",sigmao,3,4,0.879534453569027
0003_4.B.B.J.ELL_0-bspm_F_llq,"sigmao[3,5]",sigmao,3,5,0.879534453569027
0003_4.B.B.J.ELL_0-bspm_F_llq,"sigmao[3,6]",sigmao,3,6,0.879534453569027
0003_4.B.B.J.ELL_0-bspm_F_llq,"sigmao[3,7]",sigmao,3,7,0.879534453569027
0003_4.B.B.J.ELL_0-bspm_F_llq,"sigmao[4,1]",sigmao,4,1,0.879534453569027
0003_4.B.B.J.ELL_0-bspm_F_llq,"sigmao[4,2]",sigmao,4,2,0.879534453569027
0003_4.B.B.J.ELL_0-bspm_F_llq,"sigmao[4,3]",sigmao,4,3,0.879534453569027
0003_4.B.B.J.ELL_0-bspm_F_llq,"sigmao[4,4]",sigmao,4,4,0.879534453569027
0003_4.B.B.J.ELL_0-bspm_F_llq,"sigmao[4,5]",sigmao,4,5,0.879534453569027
0003_4.B.B.J.ELL_0-bspm_F_llq,"sigmao[4,6]",sigmao,4,6,0.879534453569027
0003_4.B.B.J.ELL_0-bspm_F_llq,"sigmao[4,7]",sigmao,4,7,0.879534453569027
0003_4.B.B.J.ELL_0-bspm_F_llq,"sigmao[5,1]",sigmao,5,1,0.879534453569027
0003_4.B.B.J.ELL_0-bspm_F_llq,"sigmao[5,2]",sigmao,5,2,0.879534453569027
0003_4.B.B.J.ELL_0-bspm_F_llq,"sigmao[5,3]",sigmao,5,3,0.879534453569027
0003_4.B.B.J.ELL_0-bspm_F_llq,"sigmao[5,4]",sigmao,5,4,0.879534453569027
0003_4.B.B.J.ELL_0-bspm_F_llq,"sigmao[5,5]",sigmao,5,5,0.879534453569027
0003_4.B.B.J.ELL_0-bspm_F_llq,"sigmao[5,6]",sigmao,5,6,0.879534453569027
0003_4.B.B.J.ELL_0-bspm_F_llq,"sigmao[5,7]",sigmao,5,7,0.879534453569027
0003_4.B.B.J.ELL_0-bspm_F_llq,"sigmao[6,1]",sigmao,6,1,0.879534453569027
0003_4.B.B.J.ELL_0-bspm_F_llq,"sigmao[6,2]",sigmao,6,2,0.879534453569027
0003_4.B.B.J.ELL_0-bspm_F_llq,"sigmao[6,3]",sigmao,6,3,0.879534453569027
0003_4.B.B.J.ELL_0-bspm_F_llq,"sigmao[6,4]",sigmao,6,4,0.879534453569027
0003_4.B.B.J.ELL_0-bspm_F_llq,"sigmao[6,5]",sigmao,6,5,0.879534453569027
0003_4.B.B.J.ELL_0-bspm_F_llq,"sigmao[6,6]",sigmao,6,6,0.879534453569027
0003_4.B.B.J.ELL_0-bspm_F_llq,"sigmao[6,7]",sigmao,6,7,0.879534453569027
0003_4.B.B.J.ELL_0-bspm_F_llq,"sigmao[7,1]",sigmao,7,1,0.879534453569027
0003_4.B.B.J.ELL_0-bspm_F_llq,"sigmao[7,2]",sigmao,7,2,0.879534453569027
0003_4.B.B.J.ELL_0-bspm_F_llq,"sigmao[7,3]",sigmao,7,3,0.879534453569027
0003_4.B.B.J.ELL_0-bspm_F_llq,"sigmao[7,4]",sigmao,7,4,0.879534453569027
0003_4.B.B.J.ELL_0-bspm_F_llq,"sigmao[7,5]",sigmao,7,5,0.879534453569027
0003_4.B.B.J.ELL_0-bspm_F_llq,"sigmao[7,6]",sigmao,7,6,0.879534453569027
0003_4.B.B.J.ELL_0-bspm_F_llq,"sigmao[7,7]",sigmao,7,7,0.879534453569027
0003_4.B.B.J.ELL_0-bspm_F_llq,"sigmao[8,1]",sigmao,8,1,0.879534453569027
0003_4.B.B.J.ELL_0-bspm_F_llq,"sigmao[8,2]",sigmao,8,2,0.879534453569027
0003_4.B.B.J.ELL_0-bspm_F_llq,"sigmao[8,3]",sigmao,8,3,0.879534453569027
0003_4.B.B.J.ELL_0-bspm_F_llq,"sigmao[8,4]",sigmao,8,4,0.879534453569027
0003_4.B.B.J.ELL_0-bspm_F_llq,"sigmao[8,5]",sigmao,8,5,0.879534453569027
0003_4.B.B.J.ELL_0-bspm_F_llq,"sigmao[8,6]",sigmao,8,6,0.879534453569027
0003_4.B.B.J.ELL_0-bspm_F_llq,"sigmao[8,7]",sigmao,8,7,0.879534453569027
0003_4.B.B.J.ELL_0-bspm_F_llq,"sigmao[9,1]",sigmao,9,1,0.879534453569027
0003_4.B.B.J.ELL_0-bspm_F_llq,"sigmao[9,2]",sigmao,9,2,0.879534453569027
0003_4.B.B.J.ELL_0-bspm_F_llq,"sigmao[9,3]",sigmao,9,3,0.879534453569027
0003_4.B.B.J.ELL_0-bspm_F_llq,"sigmao[9,4]",sigmao,9,4,0.879534453569027
0003_4.B.B.J.ELL_0-bspm_F_llq,"sigmao[9,5]",sigmao,9,5,0.879534453569027
0003_4.B.B.J.ELL_0-bspm_F_llq,"sigmao[9,6]",sigmao,9,6,0.879534453569027
0003_4.B.B.J.ELL_0-bspm_F_llq,"sigmao[9,7]",sigmao,9,7,0.879534453569027
0003_4.B.B.J.ELL_0-bspm_F_llq,"sigmao[10,1]",sigmao,10,1,0.879534453569027
0003_4.B.B.J.ELL_0-bspm_F_llq,"sigmao[10,2]",sigmao,10,2,0.879534453569027
0003_4.B.B.J.ELL_0-bspm_F_llq,"sigmao[10,3]",sigmao,10,3,0.879534453569027
0003_4.B.B.J.ELL_0-bspm_F_llq,"sigmao[10,4]",sigmao,10,4,0.879534453569027
0003_4.B.B.J.ELL_0-bspm_F_llq,"sigmao[10,5]",sigmao,10,5,0.879534453569027
0003_4.B.B.J.ELL_0-bspm_F_llq,"sigmao[10,6]",sigmao,10,6,0.879534453569027
0003_4.B.B.J.ELL_0-bspm_F_llq,"sigmao[10,7]",sigmao,10,7,0.879534453569027
0003_4.B.B.J.ELL_0-bspm_F_llq,"sigmao[11,1]",sigmao,11,1,0.879534453569027
0003_4.B.B.J.ELL_0-bspm_F_llq,"sigmao[11,2]",sigmao,11,2,0.879534453569027
0003_4.B.B.J.ELL_0-bspm_F_llq,"sigmao[11,3]",sigmao,11,3,0.879534453569027
0003_4.B.B.J.ELL_0-bspm_F_llq,"sigmao[11,4]",sigmao,11,4,0.879534453569027
0003_4.B.B.J.ELL_0-bspm_F_llq,"sigmao[11,5]",sigmao,11,5,0.879534453569027
0003_4.B.B.J.ELL_0-bspm_F_llq,"sigmao[11,6]",sigmao,11,6,0.879534453569027
0003_4.B.B.J.ELL_0-bspm_F_llq,"sigmao[11,7]",sigmao,11,7,0.879534453569027
0003_4.B.B.J.ELL_0-bspm_F_llq,"sigmao[12,1]",sigmao,12,1,0.879534453569027
0003_4.B.B.J.ELL_0-bspm_F_llq,"sigmao[12,2]",sigmao,12,2,0.879534453569027
0003_4.B.B.J.ELL_0-bspm_F_llq,"sigmao[12,3]",sigmao,12,3,0.879534453569027
0003_4.B.B.J.ELL_0-bspm_F_llq,"sigmao[12,4]",sigmao,12,4,0.879534453569027
0003_4.B.B.J.ELL_0-bspm_F_llq,"sigmao[12,5]",sigmao,12,5,0.879534453569027
0003_4.B.B.J.ELL_0-bspm_F_llq,"sigmao[12,6]",sigmao,12,6,0.879534453569027
0003_4.B.B.J.ELL_0-bspm_F_llq,"sigmao[12,7]",sigmao,12,7,0.879534453569027
0003_4.B.B.J.ELL_0-bspm_F_llq,"sigmao[13,1]",sigmao,13,1,0.879534453569027
0003_4.B.B.J.ELL_0-bspm_F_llq,"sigmao[13,2]",sigmao,13,2,0.879534453569027
0003_4.B.B.J.ELL_0-bspm_F_llq,"sigmao[13,3]",sigmao,13,3,0.879534453569027
0003_4.B.B.J.ELL_0-bspm_F_llq,"sigmao[13,4]",sigmao,13,4,0.879534453569027
0003_4.B.B.J.ELL_0-bspm_F_llq,"sigmao[13,5]",sigmao,13,5,0.879534453569027
0003_4.B.B.J.ELL_0-bspm_F_llq,"sigmao[13,6]",sigmao,13,6,0.879534453569027
0003_4.B.B.J.ELL_0-bspm_F_llq,"sigmao[13,7]",sigmao,13,7,0.879534453569027
0003_4.B.B.J.ELL_0-bspm_F_llq,"sigmao[14,1]",sigmao,14,1,0.879534453569027
0003_4.B.B.J.ELL_0-bspm_F_llq,"sigmao[14,2]",sigmao,14,2,0.879534453569027
0003_4.B.B.J.ELL_0-bspm_F_llq,"sigmao[14,3]",sigmao,14,3,0.879534453569027
0003_4.B.B.J.ELL_0-bspm_F_llq,"sigmao[14,4]",sigmao,14,4,0.879534453569027
0003_4.B.B.J.ELL_0-bspm_F_llq,"sigmao[14,5]",sigmao,14,5,0.879534453569027
0003_4.B.B.J.ELL_0-bspm_F_llq,"sigmao[14,6]",sigmao,14,6,0.879534453569027
0003_4.B.B.J.ELL_0-bspm_F_llq,"sigmao[14,7]",sigmao,14,7,0.879534453569027
0003_4.B.B.J.ELL_0-bspm_F_llq,"sigmao[15,1]",sigmao,15,1,0.879534453569027
0003_4.B.B.J.ELL_0-bspm_F_llq,"sigmao[15,2]",sigmao,15,2,0.879534453569027
0003_4.B.B.J.ELL_0-bspm_F_llq,"sigmao[15,3]",sigmao,15,3,0.879534453569027
0003_4.B.B.J.ELL_0-bspm_F_llq,"sigmao[15,4]",sigmao,15,4,0.879534453569027
0003_4.B.B.J.ELL_0-bspm_F_llq,"sigmao[15,5]",sigmao,15,5,0.879534453569027
0003_4.B.B.J.ELL_0-bspm_F_llq,"sigmao[15,6]",sigmao,15,6,0.879534453569027
0003_4.B.B.J.ELL_0-bspm_F_llq,"sigmao[15,7]",sigmao,15,7,0.879534453569027
0003_4.B.B.J.ELL_0-bspm_F_llq,"sigmao[16,1]",sigmao,16,1,0.879534453569027
0003_4.B.B.J.ELL_0-bspm_F_llq,"sigmao[16,2]",sigmao,16,2,0.879534453569027
0003_4.B.B.J.ELL_0-bspm_F_llq,"sigmao[16,3]",sigmao,16,3,0.879534453569027
0003_4.B.B.J.ELL_0-bspm_F_llq,"sigmao[16,4]",sigmao,16,4,0.879534453569027
0003_4.B.B.J.ELL_0-bspm_F_llq,"sigmao[16,5]",sigmao,16,5,0.879534453569027
0003_4.B.B.J.ELL_0-bspm_F_llq,"sigmao[16,6]",sigmao,16,6,0.879534453569027
0003_4.B.B.J.ELL_0-bspm_F_llq,"sigmao[16,7]",sigmao,16,7,0.879534453569027
0003_4.B.B.J.ELL_0-bspm_F_llq,"sigmao[17,1]",sigmao,17,1,0.879534453569027
0003_4.B.B.J.ELL_0-bspm_F_llq,"sigmao[17,2]",sigmao,17,2,0.879534453569027
0003_4.B.B.J.ELL_0-bspm_F_llq,"sigmao[17,3]",sigmao,17,3,0.879534453569027
0003_4.B.B.J.ELL_0-bspm_F_llq,"sigmao[17,4]",sigmao,17,4,0.879534453569027
0003_4.B.B.J.ELL_0-bspm_F_llq,"sigmao[17,5]",sigmao,17,5,0.879534453569027
0003_4.B.B.J.ELL_0-bspm_F_llq,"sigmao[17,6]",sigmao,17,6,0.879534453569027
0003_4.B.B.J.ELL_0-bspm_F_llq,"sigmao[17,7]",sigmao,17,7,0.879534453569027
0003_4.B.B.J.ELL_0-bspm_F_llq,"sigmao[18,1]",sigmao,18,1,0.879534453569027
0003_4.B.B.J.ELL_0-bspm_F_llq,"sigmao[18,2]",sigmao,18,2,0.879534453569027
0003_4.B.B.J.ELL_0-bspm_F_llq,"sigmao[18,3]",sigmao,18,3,0.879534453569027
0003_4.B.B.J.ELL_0-bspm_F_llq,"sigmao[18,4]",sigmao,18,4,0.879534453569027
0003_4.B.B.J.ELL_0-bspm_F_llq,"sigmao[18,5]",sigmao,18,5,0.879534453569027
0003_4.B.B.J.ELL_0-bspm_F_llq,"sigmao[18,6]",sigmao,18,6,0.879534453569027
0003_4.B.B.J.ELL_0-bspm_F_llq,"sigmao[18,7]",sigmao,18,7,0.879534453569027
0003_4.B.B.J.ELL_0-bspm_F_llq,"sigmao[19,1]",sigmao,19,1,0.879534453569027
0003_4.B.B.J.ELL_0-bspm_F_llq,"sigmao[19,2]",sigmao,19,2,0.879534453569027
0003_4.B.B.J.ELL_0-bspm_F_llq,"sigmao[19,3]",sigmao,19,3,0.879534453569027
0003_4.B.B.J.ELL_0-bspm_F_llq,"sigmao[19,4]",sigmao,19,4,0.879534453569027
0003_4.B.B.J.ELL_0-bspm_F_llq,"sigmao[19,5]",sigmao,19,5,0.879534453569027
0003_4.B.B.J.ELL_0-bspm_F_llq,"sigmao[19,6]",sigmao,19,6,0.879534453569027
0003_4.B.B.J.ELL_0-bspm_F_llq,"sigmao[19,7]",sigmao,19,7,0.879534453569027
0003_4.B.B.J.ELL_0-bspm_F_llq,"sigmao[20,1]",sigmao,20,1,0.879534453569027
0003_4.B.B.J.ELL_0-bspm_F_llq,"sigmao[20,2]",sigmao,20,2,0.879534453569027
0003_4.B.B.J.ELL_0-bspm_F_llq,"sigmao[20,3]",sigmao,20,3,0.879534453569027
0003_4.B.B.J.ELL_0-bspm_F_llq,"sigmao[20,4]",sigmao,20,4,0.879534453569027
0003_4.B.B.J.ELL_0-bspm_F_llq,"sigmao[20,5]",sigmao,20,5,0.879534453569027
0003_4.B.B.J.ELL_0-bspm_F_llq,"sigmao[20,6]",sigmao,20,6,0.879534453569027
0003_4.B.B.J.ELL_0-bspm_F_llq,"sigmao[20,7]",sigmao,20,7,0.879534453569027
0003_4.B.B.J.ELL_0-bspm_F_llq,"sigmao[21,1]",sigmao,21,1,0.879534453569027
0003_4.B.B.J.ELL_0-bspm_F_llq,"sigmao[21,2]",sigmao,21,2,0.879534453569027
0003_4.B.B.J.ELL_0-bspm_F_llq,"sigmao[21,3]",sigmao,21,3,0.879534453569027
0003_4.B.B.J.ELL_0-bspm_F_llq,"sigmao[21,4]",sigmao,21,4,0.879534453569027
0003_4.B.B.J.ELL_0-bspm_F_llq,"sigmao[21,5]",sigmao,21,5,0.879534453569027
0003_4.B.B.J.ELL_0-bspm_F_llq,"sigmao[21,6]",sigmao,21,6,0.879534453569027
0003_4.B.B.J.ELL_0-bspm_F_llq,"sigmao[21,7]",sigmao,21,7,0.879534453569027
0003_4.B.B.J.ELL_0-bspm_F_llq,"sigmao[22,1]",sigmao,22,1,0.879534453569027
0003_4.B.B.J.ELL_0-bspm_F_llq,"sigmao[22,2]",sigmao,22,2,0.879534453569027
0003_4.B.B.J.ELL_0-bspm_F_llq,"sigmao[22,3]",sigmao,22,3,0.879534453569027
0003_4.B.B.J.ELL_0-bspm_F_llq,"sigmao[22,4]",sigmao,22,4,0.879534453569027
0003_4.B.B.J.ELL_0-bspm_F_llq,"sigmao[22,5]",sigmao,22,5,0.879534453569027
0003_4.B.B.J.ELL_0-bspm_F_llq,"sigmao[22,6]",sigmao,22,6,0.879534453569027
0003_4.B.B.J.ELL_0-bspm_F_llq,"sigmao[22,7]",sigmao,22,7,0.879534453569027
0003_4.B.B.J.ELL_0-bspm_F_llq,"sigmao[23,1]",sigmao,23,1,0.879534453569027
0003_4.B.B.J.ELL_0-bspm_F_llq,"sigmao[23,2]",sigmao,23,2,0.879534453569027
0003_4.B.B.J.ELL_0-bspm_F_llq,"sigmao[23,3]",sigmao,23,3,0.879534453569027
0003_4.B.B.J.ELL_0-bspm_F_llq,"sigmao[23,4]",sigmao,23,4,0.879534453569027
0003_4.B.B.J.ELL_0-bspm_F_llq,"sigmao[23,5]",sigmao,23,5,0.879534453569027
0003_4.B.B.J.ELL_0-bspm_F_llq,"sigmao[23,6]",sigmao,23,6,0.879534453569027
0003_4.B.B.J.ELL_0-bspm_F_llq,"sigmao[23,7]",sigmao,23,7,0.879534453569027
0003_4.B.B.J.ELL_0-bspm_F_llq,"sigmao[24,1]",sigmao,24,1,0.879534453569027
0003_4.B.B.J.ELL_0-bspm_F_llq,"sigmao[24,2]",sigmao,24,2,0.879534453569027
0003_4.B.B.J.ELL_0-bspm_F_llq,"sigmao[24,3]",sigmao,24,3,0.879534453569027
0003_4.B.B.J.ELL_0-bspm_F_llq,"sigmao[24,4]",sigmao,24,4,0.879534453569027
0003_4.B.B.J.ELL_0-bspm_F_llq,"sigmao[24,5]",sigmao,24,5,0.879534453569027
0003_4.B.B.J.ELL_0-bspm_F_llq,"sigmao[24,6]",sigmao,24,6,0.879534453569027
0003_4.B.B.J.ELL_0-bspm_F_llq,"sigmao[24,7]",sigmao,24,7,0.879534453569027
0003_4.B.B.J.ELL_0-bspm_F_llq,"sigmao[25,1]",sigmao,25,1,0.879534453569027
0003_4.B.B.J.ELL_0-bspm_F_llq,"sigmao[25,2]",sigmao,25,2,0.879534453569027
0003_4.B.B.J.ELL_0-bspm_F_llq,"sigmao[25,3]",sigmao,25,3,0.879534453569027
0003_4.B.B.J.ELL_0-bspm_F_llq,"sigmao[25,4]",sigmao,25,4,0.879534453569027
0003_4.B.B.J.ELL_0-bspm_F_llq,"sigmao[25,5]",sigmao,25,5,0.879534453569027
0003_4.B.B.J.ELL_0-bspm_F_llq,"sigmao[25,6]",sigmao,25,6,0.879534453569027
0003_4.B.B.J.ELL_0-bspm_F_llq,"sigmao[25,7]",sigmao,25,7,0.879534453569027
0003_4.B.B.J.ELL_0-bspm_F_llq,"sigmao[26,1]",sigmao,26,1,0.879534453569027
0003_4.B.B.J.ELL_0-bspm_F_llq,"sigmao[26,2]",sigmao,26,2,0.879534453569027
0003_4.B.B.J.ELL_0-bspm_F_llq,"sigmao[26,3]",sigmao,26,3,0.879534453569027
0003_4.B.B.J.ELL_0-bspm_F_llq,"sigmao[26,4]",sigmao,26,4,0.879534453569027
0003_4.B.B.J.ELL_0-bspm_F_llq,"sigmao[26,5]",sigmao,26,5,0.879534453569027
0003_4.B.B.J.ELL_0-bspm_F_llq,"sigmao[26,6]",sigmao,26,6,0.879534453569027
0003_4.B.B.J.ELL_0-bspm_F_llq,"sigmao[26,7]",sigmao,26,7,0.879534453569027
0003_4.B.B.J.ELL_0-bspm_F_llq,"sigmao[27,1]",sigmao,27,1,0.879534453569027
0003_4.B.B.J.ELL_0-bspm_F_llq,"sigmao[27,2]",sigmao,27,2,0.879534453569027
0003_4.B.B.J.ELL_0-bspm_F_llq,"sigmao[27,3]",sigmao,27,3,0.879534453569027
0003_4.B.B.J.ELL_0-bspm_F_llq,"sigmao[27,4]",sigmao,27,4,0.879534453569027
0003_4.B.B.J.ELL_0-bspm_F_llq,"sigmao[27,5]",sigmao,27,5,0.879534453569027
0003_4.B.B.J.ELL_0-bspm_F_llq,"sigmao[27,6]",sigmao,27,6,0.879534453569027
0003_4.B.B.J.ELL_0-bspm_F_llq,"sigmao[27,7]",sigmao,27,7,0.879534453569027
0003_4.B.B.J.ELL_0-bspm_F_llq,"sigmao[28,1]",sigmao,28,1,0.879534453569027
0003_4.B.B.J.ELL_0-bspm_F_llq,"sigmao[28,2]",sigmao,28,2,0.879534453569027
0003_4.B.B.J.ELL_0-bspm_F_llq,"sigmao[28,3]",sigmao,28,3,0.879534453569027
0003_4.B.B.J.ELL_0-bspm_F_llq,"sigmao[28,4]",sigmao,28,4,0.879534453569027
0003_4.B.B.J.ELL_0-bspm_F_llq,"sigmao[28,5]",sigmao,28,5,0.879534453569027
0003_4.B.B.J.ELL_0-bspm_F_llq,"sigmao[28,6]",sigmao,28,6,0.879534453569027
0003_4.B.B.J.ELL_0-bspm_F_llq,"sigmao[28,7]",sigmao,28,7,0.879534453569027
0003_4.B.B.J.ELL_0-bspm_F_llq,"sigmao[29,1]",sigmao,29,1,0.879534453569027
0003_4.B.B.J.ELL_0-bspm_F_llq,"sigmao[29,2]",sigmao,29,2,0.879534453569027
0003_4.B.B.J.ELL_0-bspm_F_llq,"sigmao[29,3]",sigmao,29,3,0.879534453569027
0003_4.B.B.J.ELL_0-bspm_F_llq,"sigmao[29,4]",sigmao,29,4,0.879534453569027
0003_4.B.B.J.ELL_0-bspm_F_llq,"sigmao[29,5]",sigmao,29,5,0.879534453569027
0003_4.B.B.J.ELL_0-bspm_F_llq,"sigmao[29,6]",sigmao,29,6,0.879534453569027
0003_4.B.B.J.ELL_0-bspm_F_llq,"sigmao[29,7]",sigmao,29,7,0.879534453569027
0003_4.B.B.J.ELL_0-bspm_F_llq,sigmao_sc,sigmao_sc,,,0.879534453569027
0003_4.B.B.J.ELL_0-bspm_F_llq,sigmao_add,sigmao_add,,,0.879534453569027
0003_4.B.B.J.ELL_0-bspm_F_llq,n,n,,,1.02250406141893
0003_4.B.B.J.ELL_0-bspm_F_llq,dmsy,dmsy,,,0.995171947648171
0003_4.B.B.J.ELL_0-bspm_F_llq,h,h,,,0.995171947648171
0003_4.B.B.J.ELL_0-bspm_F_llq,m,m,,,0.942125557326088
0003_4.B.B.J.ELL_0-bspm_F_llq,g,g,,,1.02763745915197
0003_4.B.B.J.ELL_0-bspm_F_llq,x[1],x,1,,1.00597080061976
0003_4.B.B.J.ELL_0-bspm_F_llq,x[2],x,2,,0.98711100913562
0003_4.B.B.J.ELL_0-bspm_F_llq,x[3],x,3,,0.962884877173393
0003_4.B.B.J.ELL_0-bspm_F_llq,x[4],x,4,,0.960187652950293
0003_4.B.B.J.ELL_0-bspm_F_llq,x[5],x,5,,0.971966169297046
0003_4.B.B.J.ELL_0-bspm_F_llq,x[6],x,6,,0.972543050316806
0003_4.B.B.J.ELL_0-bspm_F_llq,x[7],x,7,,0.967684356358636
0003_4.B.B.J.ELL_0-bspm_F_llq,x[8],x,8,,0.970142915101276
0003_4.B.B.J.ELL_0-bspm_F_llq,x[9],x,9,,0.984976017866355
0003_4.B.B.J.ELL_0-bspm_F_llq,x[10],x,10,,0.838668909607426
0003_4.B.B.J.ELL_0-bspm_F_llq,x[11],x,11,,0.867006946466485
0003_4.B.B.J.ELL_0-bspm_F_llq,x[12],x,12,,0.822636895480216
0003_4.B.B.J.ELL_0-bspm_F_llq,x[13],x,13,,0.821418367062808
0003_4.B.B.J.ELL_0-bspm_F_llq,x[14],x,14,,0.78314634004748
0003_4.B.B.J.ELL_0-bspm_F_llq,x[15],x,15,,0.848504289245511
0003_4.B.B.J.ELL_0-bspm_F_llq,x[16],x,16,,0.931438987768184
0003_4.B.B.J.ELL_0-bspm_F_llq,x[17],x,17,,0.91545756804812
0003_4.B.B.J.ELL_0-bspm_F_llq,x[18],x,18,,0.825419182532309
0003_4.B.B.J.ELL_0-bspm_F_llq,x[19],x,19,,0.879623088883375
0003_4.B.B.J.ELL_0-bspm_F_llq,x[20],x,20,,0.899264883998756
0003_4.B.B.J.ELL_0-bspm_F_llq,x[21],x,21,,0.859636511941993
0003_4.B.B.J.ELL_0-bspm_F_llq,x[22],x,22,,0.921761360773245
0003_4.B.B.J.ELL_0-bspm_F_llq,x[23],x,23,,0.947603876726094
0003_4.B.B.J.ELL_0-bspm_F_llq,x[24],x,24,,0.915924181788644
0003_4.B.B.J.ELL_0-bspm_F_llq,x[25],x,25,,0.890461610496399
0003_4.B.B.J.ELL_0-bspm_F_llq,x[26],x,26,,0.926386539961518
0003_4.B.B.J.ELL_0-bspm_F_llq,x[27],x,27,,0.947099591375142
0003_4.B.B.J.ELL_0-bspm_F_llq,x[28],x,28,,0.916263093634274
0003_4.B.B.J.ELL_0-bspm_F_llq,x[29],x,29,,0.9253725897723
0003_4.B.B.J.ELL_0-bspm_F_llq,removals[1],removals,1,,0.967700417068511
0003_4.B.B.J.ELL_0-bspm_F_llq,removals[2],removals,2,,0.960893667775572
0003_4.B.B.J.ELL_0-bspm_F_llq,removals[3],removals,3,,0.960198059381337
0003_4.B.B.J.ELL_0-bspm_F_llq,removals[4],removals,4,,0.954240710803287
0003_4.B.B.J.ELL_0-bspm_F_llq,removals[5],removals,5,,0.950554084432221
0003_4.B.B.J.ELL_0-bspm_F_llq,removals[6],removals,6,,0.94967039187186
0003_4.B.B.J.ELL_0-bspm_F_llq,removals[7],removals,7,,0.952819265375955
0003_4.B.B.J.ELL_0-bspm_F_llq,removals[8],removals,8,,0.955599659190914
0003_4.B.B.J.ELL_0-bspm_F_llq,removals[9],removals,9,,0.958162249294754
0003_4.B.B.J.ELL_0-bspm_F_llq,removals[10],removals,10,,0.961622117105833
0003_4.B.B.J.ELL_0-bspm_F_llq,removals[11],removals,11,,0.965264942572067
0003_4.B.B.J.ELL_0-bspm_F_llq,removals[12],removals,12,,0.970114158627824
0003_4.B.B.J.ELL_0-bspm_F_llq,removals[13],removals,13,,0.976003305839399
0003_4.B.B.J.ELL_0-bspm_F_llq,removals[14],removals,14,,0.964528836496198
0003_4.B.B.J.ELL_0-bspm_F_llq,removals[15],removals,15,,0.969927026504417
0003_4.B.B.J.ELL_0-bspm_F_llq,removals[16],removals,16,,0.969412285617513
0003_4.B.B.J.ELL_0-bspm_F_llq,removals[17],removals,17,,0.976760013439631
0003_4.B.B.J.ELL_0-bspm_F_llq,removals[18],removals,18,,0.982263952199659
0003_4.B.B.J.ELL_0-bspm_F_llq,removals[19],removals,19,,0.981995621810529
0003_4.B.B.J.ELL_0-bspm_F_llq,removals[20],removals,20,,0.975144723514098
0003_4.B.B.J.ELL_0-bspm_F_llq,removals[21],removals,21,,0.962531706144382
0003_4.B.B.J.ELL_0-bspm_F_llq,removals[22],removals,22,,0.96915644329252
0003_4.B.B.J.ELL_0-bspm_F_llq,removals[23],removals,23,,0.967765435604319
0003_4.B.B.J.ELL_0-bspm_F_llq,removals[24],removals,24,,0.976309992748251
0003_4.B.B.J.ELL_0-bspm_F_llq,removals[25],removals,25,,0.975232191095456
0003_4.B.B.J.ELL_0-bspm_F_llq,removals[26],removals,26,,0.963240222302086
0003_4.B.B.J.ELL_0-bspm_F_llq,removals[27],removals,27,,0.970275703089483
0003_4.B.B.J.ELL_0-bspm_F_llq,removals[28],removals,28,,0.972307622668187
0003_4.B.B.J.ELL_0-bspm_F_llq,removals[29],removals,29,,0.974762533672633
0003_4.B.B.J.ELL_0-bspm_F_llq,total_u[1],total_u,1,,0.890590753636345
0003_4.B.B.J.ELL_0-bspm_F_llq,total_u[2],total_u,2,,0.889403403660135
0003_4.B.B.J.ELL_0-bspm_F_llq,total_u[3],total_u,3,,0.893104696259522
0003_4.B.B.J.ELL_0-bspm_F_llq,total_u[4],total_u,4,,0.906882735105998
0003_4.B.B.J.ELL_0-bspm_F_llq,total_u[5],total_u,5,,0.89470935113904
0003_4.B.B.J.ELL_0-bspm_F_llq,total_u[6],total_u,6,,0.878601007628892
0003_4.B.B.J.ELL_0-bspm_F_llq,total_u[7],total_u,7,,0.879232683607589
0003_4.B.B.J.ELL_0-bspm_F_llq,total_u[8],total_u,8,,0.873079609893074
0003_4.B.B.J.ELL_0-bspm_F_llq,total_u[9],total_u,9,,0.880258377256068
0003_4.B.B.J.ELL_0-bspm_F_llq,total_u[10],total_u,10,,0.879866820424759
0003_4.B.B.J.ELL_0-bspm_F_llq,total_u[11],total_u,11,,0.870307876111985
0003_4.B.B.J.ELL_0-bspm_F_llq,total_u[12],total_u,12,,0.865877031225162
0003_4.B.B.J.ELL_0-bspm_F_llq,total_u[13],total_u,13,,0.867672113645979
0003_4.B.B.J.ELL_0-bspm_F_llq,total_u[14],total_u,14,,0.862529891053485
0003_4.B.B.J.ELL_0-bspm_F_llq,total_u[15],total_u,15,,0.86958836193355
0003_4.B.B.J.ELL_0-bspm_F_llq,total_u[16],total_u,16,,0.867909322190217
0003_4.B.B.J.ELL_0-bspm_F_llq,total_u[17],total_u,17,,0.866292466813992
0003_4.B.B.J.ELL_0-bspm_F_llq,total_u[18],total_u,18,,0.871781166484261
0003_4.B.B.J.ELL_0-bspm_F_llq,total_u[19],total_u,19,,0.871456199684596
0003_4.B.B.J.ELL_0-bspm_F_llq,total_u[20],total_u,20,,0.864077710152522
0003_4.B.B.J.ELL_0-bspm_F_llq,total_u[21],total_u,21,,0.851329121634126
0003_4.B.B.J.ELL_0-bspm_F_llq,total_u[22],total_u,22,,0.848950563260076
0003_4.B.B.J.ELL_0-bspm_F_llq,total_u[23],total_u,23,,0.854313385053819
0003_4.B.B.J.ELL_0-bspm_F_llq,total_u[24],total_u,24,,0.868130317431529
0003_4.B.B.J.ELL_0-bspm_F_llq,total_u[25],total_u,25,,0.880773875068022
0003_4.B.B.J.ELL_0-bspm_F_llq,total_u[26],total_u,26,,0.876567667932877
0003_4.B.B.J.ELL_0-bspm_F_llq,total_u[27],total_u,27,,0.873800732083412
0003_4.B.B.J.ELL_0-bspm_F_llq,total_u[28],total_u,28,,0.873990397444155
0003_4.B.B.J.ELL_0-bspm_F_llq,total_u[29],total_u,29,,0.879481246540412
0003_4.B.B.J.ELL_0-bspm_F_llq,q[1],q,1,,0.98058180334922
0003_4.B.B.J.ELL_0-bspm_F_llq,q[2],q,2,,0.98080158246821
0003_4.B.B.J.ELL_0-bspm_F_llq,q[3],q,3,,0.989980156402553
0003_4.B.B.J.ELL_0-bspm_F_llq,q[4],q,4,,0.969254053924242
0003_4.B.B.J.ELL_0-bspm_F_llq,q[5],q,5,,0.984280918235751
0003_4.B.B.J.ELL_0-bspm_F_llq,q[6],q,6,,0.988401088244094
0003_4.B.B.J.ELL_0-bspm_F_llq,q[7],q,7,,0.979627570194704
0003_4.B.B.J.ELL_0-bspm_F_llq,lp__,lp__,,,0.812359145748073
